Red curve_x,Red curve_y
157.7579956055,508.
158.0027713776,559.
158.2475471497,581.
158.4923229218,563.
158.7370986938,583.
158.9818744659,565.
159.2266502380,599.
159.4714260101,567.
159.7162017822,573.
159.9609775543,585.
160.2057533264,551.
160.4505290985,548.
160.6953048706,572.
160.9400806427,628.
161.1848564148,624.
161.4296321869,564.
161.674407959,568.
161.9191837311,576.
162.1639595032,578.
162.4087352753,600.
162.6535110474,633.
162.8982868195,581.
163.1430625916,577.
163.3878383636,563.
163.6326141357,568.
163.8773899078,579.
164.1221656799,585.
164.3669414520,596.
164.6117172241,566.
164.8564929962,584.
165.1012687683,613.
165.3460445404,561.
165.5908203125,585.
165.8355960846,593.
166.0803718567,579.
166.3251476288,555.
166.5699234009,599.
166.814699173,601.
167.0594749451,596.
167.3042507172,607.
167.5490264893,607.
167.7938022614,615.
168.0385780334,624.
168.2833538055,611.
168.5281295776,585.
168.7729053497,580.
169.0176811218,621.
169.2624568939,625.
169.5072326660,562.
169.7520084381,582.
169.9967842102,598.
170.2415599823,582.
170.4863357544,613.
170.7311115265,604.
170.9758872986,565.
171.2206630707,568.
171.4654388428,602.
171.7102146149,622.
171.954990387,612.
172.1997661591,604.
172.4445419312,617.
172.6893177032,582.
172.9340934753,599.
173.1788692474,577.
173.4236450195,645.
173.6684207916,625.
173.9131965637,641.
174.1579723358,600.
174.4027481079,558.
174.6475238800,590.
174.8922996521,624.
175.1370754242,620.
175.3818511963,656.
175.6266269684,645.
175.8714027405,639.
176.1161785126,595.
176.3609542847,584.
176.6057300568,641.
176.8505058289,629.
177.095281601,611.
177.3400573730,648.
177.5848331451,617.
177.8296089172,620.
178.0743846893,632.
178.3191604614,612.
178.5639362335,614.
178.8087120056,568.
179.0534877777,608.
179.2982635498,654.
179.5430393219,649.
179.787815094,618.
180.0325908661,614.
180.2773666382,648.
180.5221424103,688.
180.7669181824,677.
181.0116939545,611.
181.2564697266,601.
181.5012454987,643.
181.7460212708,652.
181.9907970428,679.
182.2355728149,625.
182.4803485870,645.
182.7251243591,636.
182.9699001312,634.
183.2146759033,627.
183.4594516754,648.
183.7042274475,639.
183.9490032196,635.
184.1937789917,643.
184.4385547638,659.
184.6833305359,669.
184.928106308,648.
185.1728820801,672.
185.4176578522,656.
185.6624336243,655.
185.9072093964,683.
186.1519851685,680.
186.3967609406,659.
186.6415367126,651.
186.8863124847,662.
187.1310882568,667.
187.3758640289,669.
187.6206398010,624.
187.8654155731,647.
188.1101913452,624.
188.3549671173,647.
188.5997428894,629.
188.8445186615,603.
189.0892944336,630.
189.3340702057,627.
189.5788459778,614.
189.8236217499,626.
190.068397522,627.
190.3131732941,682.
190.5579490662,633.
190.8027248383,604.
191.0475006104,633.
191.2922763824,601.
191.5370521545,615.
191.7818279266,665.
192.0266036987,684.
192.2713794708,651.
192.5161552429,630.
192.7609310150,648.
193.0057067871,642.
193.2504825592,636.
193.4952583313,626.
193.7400341034,567.
193.9848098755,607.
194.2295856476,629.
194.4743614197,611.
194.7191371918,651.
194.9639129639,691.
195.208688736,629.
195.4534645081,556.
195.6982402802,611.
195.9430160522,646.
196.1877918243,641.
196.4325675964,664.
196.6773433685,627.
196.9221191406,616.
197.1668949127,619.
197.4116706848,643.
197.6564464569,627.
197.9012222290,581.
198.1459980011,618.
198.3907737732,627.
198.6355495453,633.
198.8803253174,606.
199.1251010895,603.
199.3698768616,627.
199.6146526337,586.
199.8594284058,606.
200.1042041779,651.
200.34897995,633.
200.5937557220,636.
200.8385314941,633.
201.0833072662,655.
201.3280830383,633.
201.5728588104,643.
201.8176345825,608.
202.0624103546,568.
202.3071861267,616.
202.5519618988,635.
202.7967376709,677.
203.041513443,668.
203.2862892151,623.
203.5310649872,643.
203.7758407593,576.
204.0206165314,584.
204.2653923035,658.
204.5101680756,615.
204.7549438477,691.
204.9997196198,674.
205.2444953918,617.
205.4892711639,622.
205.7340469360,620.
205.9788227081,638.
206.2235984802,640.
206.4683742523,600.
206.7131500244,694.
206.9579257965,633.
207.2027015686,592.
207.4474773407,641.
207.6922531128,669.
207.9370288849,625.
208.181804657,563.
208.4265804291,584.
208.6713562012,611.
208.9161319733,616.
209.1609077454,592.
209.4056835175,627.
209.6504592896,662.
209.8952350616,659.
210.1400108337,642.
210.3847866058,607.
210.6295623779,631.
210.8743381500,615.
211.1191139221,624.
211.3638896942,634.
211.6086654663,612.
211.8534412384,616.
212.0982170105,609.
212.3429927826,611.
212.5877685547,560.
212.8325443268,562.
213.0773200989,595.
213.322095871,615.
213.5668716431,663.
213.8116474152,617.
214.0564231873,593.
214.3011989594,648.
214.5459747314,628.
214.7907505035,652.
215.0355262756,667.
215.2803020477,595.
215.5250778198,600.
215.7698535919,648.
216.0146293640,670.
216.2594051361,644.
216.5041809082,623.
216.7489566803,599.
216.9937324524,626.
217.2385082245,660.
217.4832839966,635.
217.7280597687,641.
217.9728355408,620.
218.2176113129,611.
218.462387085,589.
218.7071628571,611.
218.9519386292,646.
219.1967144012,615.
219.4414901733,588.
219.6862659454,615.
219.9310417175,625.
220.1758174896,612.
220.4205932617,616.
220.6653690338,663.
220.9101448059,656.
221.1549205780,591.
221.3996963501,649.
221.6444721222,656.
221.8892478943,578.
222.1340236664,590.
222.3787994385,601.
222.6235752106,677.
222.8683509827,679.
223.1131267548,655.
223.3579025269,697.
223.602678299,695.
223.8474540710,666.
224.0922298431,595.
224.3370056152,609.
224.5817813873,643.
224.8265571594,647.
225.0713329315,690.
225.3161087036,672.
225.5608844757,647.
225.8056602478,668.
226.0504360199,691.
226.295211792,657.
226.5399875641,641.
226.7847633362,652.
227.0295391083,663.
227.2743148804,617.
227.5190906525,647.
227.7638664246,641.
228.0086421967,649.
228.2534179688,650.
228.4981937408,701.
228.7429695129,673.
228.9877452850,617.
229.2325210571,616.
229.4772968292,626.
229.7220726013,652.
229.9668483734,713.
230.2116241455,664.
230.4563999176,674.
230.7011756897,662.
230.9459514618,645.
231.1907272339,683.
231.435503006,684.
231.6802787781,728.
231.9250545502,669.
232.1698303223,640.
232.4146060944,660.
232.6593818665,655.
232.9041576385,673.
233.1489334106,694.
233.3937091827,715.
233.6384849548,679.
233.8832607269,686.
234.1280364990,699.
234.3728122711,776.
234.6175880432,741.
234.8623638153,739.
235.1071395874,756.
235.3519153595,813.
235.5966911316,767.
235.8414669037,763.
236.0862426758,877.
236.3310184479,833.
236.57579422,796.
236.8205699921,789.
237.0653457642,830.
237.3101215363,850.
237.5548973083,894.
237.7996730804,884.
238.0444488525,864.
238.2892246246,925.
238.5340003967,997.
238.7787761688,1116.
239.0235519409,1313.
239.2683277130,1950.
239.5131034851,4340.
239.7578792572,9464.
240.0026550293,14495.
240.2474308014,15769.
240.4922065735,14677.
240.7369823456,12275.
240.9817581177,9135.
241.2265338898,7136.
241.4713096619,6263.
241.716085434,5784.
241.9608612061,5647.
242.2056369781,5750.
242.4504127502,6265.
242.6951885223,7498.
242.9399642944,9772.
243.1847400665,13253.
243.4295158386,17838.
243.6742916107,22959.
243.9190673828,23999.
244.1638431549,17030.
244.4086189270,10009.
244.6533946991,8409.
244.8981704712,7821.
245.1429462433,6704.
245.3877220154,5395.
245.6324977875,3878.
245.8772735596,2691.
246.1220493317,2000.
246.3668251038,1502.
246.6116008759,1200.
246.8563766479,1003.
247.1011524200,922.
247.3459281921,920.
247.5907039642,860.
247.8354797363,841.
248.0802555084,825.
248.3250312805,807.
248.5698070526,806.
248.8145828247,748.
249.0593585968,803.
249.3041343689,802.
249.548910141,762.
249.7936859131,745.
250.0384616852,767.
250.2832374573,774.
250.5280132294,752.
250.7727890015,695.
251.0175647736,690.
251.2623405457,685.
251.5071163177,695.
251.7518920898,697.
251.9966678619,715.
252.2414436340,726.
252.4862194061,729.
252.7309951782,721.
252.9757709503,723.
253.2205467224,707.
253.4653224945,715.
253.7100982666,739.
253.9548740387,685.
254.1996498108,614.
254.4444255829,621.
254.689201355,689.
254.9339771271,689.
255.1787528992,681.
255.4235286713,627.
255.6683044434,601.
255.9130802155,626.
256.1578559875,693.
256.4026317596,649.
256.6474075317,615.
256.8921833038,633.
257.1369590759,636.
257.3817348480,639.
257.6265106201,633.
257.8712863922,625.
258.1160621643,654.
258.3608379364,629.
258.6056137085,622.
258.8503894806,630.
259.0951652527,651.
259.3399410248,664.
259.5847167969,650.
259.829492569,649.
260.0742683411,674.
260.3190441132,611.
260.5638198853,605.
260.8085956573,633.
261.0533714294,647.
261.2981472015,662.
261.5429229736,640.
261.7876987457,651.
262.0324745178,601.
262.2772502899,646.
262.5220260620,697.
262.7668018341,659.
263.0115776062,636.
263.2563533783,636.
263.5011291504,614.
263.7459049225,619.
263.9906806946,595.
264.2354564667,667.
264.4802322388,646.
264.7250080109,648.
264.969783783,692.
265.2145595551,663.
265.4593353271,618.
265.7041110992,645.
265.9488868713,624.
266.1936626434,632.
266.4384384155,632.
266.6832141876,609.
266.9279899597,663.
267.1727657318,657.
267.4175415039,615.
267.6623172760,592.
267.9070930481,597.
268.1518688202,620.
268.3966445923,589.
268.6414203644,633.
268.8861961365,716.
269.1309719086,651.
269.3757476807,625.
269.6205234528,628.
269.8652992249,635.
270.1100749969,639.
270.3548507690,625.
270.5996265411,615.
270.8444023132,585.
271.0891780853,612.
271.3339538574,675.
271.5787296295,678.
271.8235054016,608.
272.0682811737,609.
272.3130569458,590.
272.5578327179,660.
272.80260849,652.
273.0473842621,627.
273.2921600342,638.
273.5369358063,677.
273.7817115784,671.
274.0264873505,644.
274.2712631226,640.
274.5160388947,620.
274.7608146667,642.
275.0055904388,681.
275.2503662109,643.
275.4951419830,650.
275.7399177551,643.
275.9846935272,727.
276.2294692993,928.
276.4742450714,1035.
276.7190208435,987.
276.9637966156,930.
277.2085723877,823.
277.4533481598,770.
277.6981239319,755.
277.942899704,730.
278.1876754761,695.
278.4324512482,734.
278.6772270203,769.
278.9220027924,812.
279.1667785645,883.
279.4115543365,899.
279.6563301086,982.
279.9011058807,869.
280.1458816528,766.
280.3906574249,696.
280.6354331970,721.
280.8802089691,724.
281.1249847412,762.
281.3697605133,720.
281.6145362854,701.
281.8593120575,667.
282.1040878296,658.
282.3488636017,664.
282.5936393738,655.
282.8384151459,635.
283.083190918,675.
283.3279666901,655.
283.5727424622,579.
283.8175182343,631.
284.0622940063,684.
284.3070697784,655.
284.5518455505,667.
284.7966213226,687.
285.0413970947,661.
285.2861728668,641.
285.5309486389,680.
285.7757244110,665.
286.0205001831,657.
286.2652759552,630.
286.5100517273,621.
286.7548274994,587.
286.9996032715,574.
287.2443790436,595.
287.4891548157,651.
287.7339305878,641.
287.9787063599,569.
288.223482132,561.
288.4682579041,576.
288.7130336761,652.
288.9578094482,645.
289.2025852203,644.
289.4473609924,827.
289.6921367645,1104.
289.9369125366,1445.
290.1816883087,1770.
290.4264640808,2008.
290.6712398529,1777.
290.916015625,1448.
291.1607913971,1189.
291.4055671692,1058.
291.6503429413,1021.
291.8951187134,1035.
292.1398944855,1055.
292.3846702576,1128.
292.6294460297,1283.
292.8742218018,1454.
293.1189975739,1451.
293.3637733459,1406.
293.6085491180,1211.
293.8533248901,1020.
294.0981006622,887.
294.3428764343,858.
294.5876522064,848.
294.8324279785,837.
295.0772037506,773.
295.3219795227,742.
295.5667552948,701.
295.8115310669,616.
296.056306839,648.
296.3010826111,662.
296.5458583832,594.
296.7906341553,577.
297.0354099274,574.
297.2801856995,657.
297.5249614716,646.
297.7697372437,618.
298.0145130157,579.
298.2592887878,626.
298.5040645599,657.
298.7488403320,653.
298.9936161041,635.
299.2383918762,615.
299.4831676483,595.
299.7279434204,598.
299.9727191925,582.
300.2174949646,603.
300.4622707367,585.
300.7070465088,607.
300.9518222809,624.
301.196598053,594.
301.4413738251,576.
301.6861495972,625.
301.9309253693,585.
302.1757011414,599.
302.4204769135,560.
302.6652526855,555.
302.9100284576,561.
303.1548042297,580.
303.3995800018,605.
303.6443557739,601.
303.8891315460,545.
304.1339073181,532.
304.3786830902,560.
304.6234588623,584.
304.8682346344,576.
305.1130104065,586.
305.3577861786,584.
305.6025619507,612.
305.8473377228,650.
306.0921134949,587.
306.336889267,573.
306.5816650391,606.
306.8264408112,595.
307.0712165833,613.
307.3159923553,579.
307.5607681274,557.
307.8055438995,581.
308.0503196716,611.
308.2950954437,655.
308.5398712158,656.
308.7846469879,622.
309.0294227600,622.
309.2741985321,628.
309.5189743042,602.
309.7637500763,593.
310.0085258484,595.
310.2533016205,555.
310.4980773926,602.
310.7428531647,619.
310.9876289368,634.
311.2324047089,684.
311.477180481,637.
311.7219562531,618.
311.9667320251,598.
312.2115077972,585.
312.4562835693,596.
312.7010593414,622.
312.9458351135,571.
313.1906108856,606.
313.4353866577,590.
313.6801624298,582.
313.9249382019,578.
314.169713974,639.
314.4144897461,615.
314.6592655182,648.
314.9040412903,575.
315.1488170624,569.
315.3935928345,576.
315.6383686066,579.
315.8831443787,559.
316.1279201508,543.
316.3726959229,607.
316.6174716949,571.
316.8622474670,566.
317.1070232391,609.
317.3517990112,563.
317.5965747833,559.
317.8413505554,579.
318.0861263275,583.
318.3309020996,565.
318.5756778717,573.
318.8204536438,526.
319.0652294159,551.
319.310005188,620.
319.5547809601,576.
319.7995567322,606.
320.0443325043,611.
320.2891082764,634.
320.5338840485,575.
320.7786598206,595.
321.0234355927,590.
321.2682113647,576.
321.5129871368,589.
321.7577629089,542.
322.0025386810,581.
322.2473144531,605.
322.4920902252,550.
322.7368659973,531.
322.9816417694,596.
323.2264175415,590.
323.4711933136,571.
323.7159690857,598.
323.9607448578,575.
324.2055206299,604.
324.450296402,612.
324.6950721741,586.
324.9398479462,568.
325.1846237183,579.
325.4293994904,621.
325.6741752625,604.
325.9189510345,567.
326.1637268066,561.
326.4085025787,575.
326.6532783508,582.
326.8980541229,572.
327.1428298950,627.
327.3876056671,655.
327.6323814392,658.
327.8771572113,630.
328.1219329834,617.
328.3667087555,628.
328.6114845276,634.
328.8562602997,636.
329.1010360718,593.
329.3458118439,632.
329.590587616,564.
329.8353633881,578.
330.0801391602,649.
330.3249149323,602.
330.5696907043,614.
330.8144664764,610.
331.0592422485,633.
331.3040180206,623.
331.5487937927,624.
331.7935695648,602.
332.0383453369,607.
332.2831211090,633.
332.5278968811,632.
332.7726726532,605.
333.0174484253,566.
333.2622241974,611.
333.5069999695,624.
333.7517757416,653.
333.9965515137,682.
334.2413272858,719.
334.4861030579,900.
334.73087883,1589.
334.9756546021,2974.
335.2204303741,3440.
335.4652061462,2520.
335.7099819183,1794.
335.9547576904,1561.
336.1995334625,1582.
336.4443092346,1553.
336.6890850067,1500.
336.9338607788,1665.
337.1786365509,1695.
337.423412323,1463.
337.6681880951,1268.
337.9129638672,1148.
338.1577396393,1089.
338.4025154114,1004.
338.6472911835,900.
338.8920669556,861.
339.1368427277,857.
339.3816184998,796.
339.6263942719,756.
339.8711700439,720.
340.1159458160,665.
340.3607215881,672.
340.6054973602,700.
340.8502731323,695.
341.0950489044,698.
341.3398246765,693.
341.5846004486,663.
341.8293762207,695.
342.0741519928,665.
342.3189277649,654.
342.563703537,698.
342.8084793091,677.
343.0532550812,674.
343.2980308533,660.
343.5428066254,585.
343.7875823975,610.
344.0323581696,645.
344.2771339417,663.
344.5219097137,669.
344.7666854858,677.
345.0114612579,684.
345.2562370300,659.
345.5010128021,603.
345.7457885742,615.
345.9905643463,659.
346.2353401184,598.
346.4801158905,608.
346.7248916626,648.
346.9696674347,639.
347.2144432068,622.
347.4592189789,625.
347.703994751,673.
347.9487705231,672.
348.1935462952,647.
348.4383220673,654.
348.6830978394,669.
348.9278736115,635.
349.1726493835,683.
349.4174251556,712.
349.6622009277,697.
349.9069766998,669.
350.1517524719,652.
350.3965282440,679.
350.6413040161,638.
350.8860797882,670.
351.1308555603,717.
351.3756313324,668.
351.6204071045,670.
351.8651828766,653.
352.1099586487,673.
352.3547344208,728.
352.5995101929,705.
352.844285965,645.
353.0890617371,659.
353.3338375092,696.
353.5786132812,692.
353.8233890533,610.
354.0681648254,608.
354.3129405975,631.
354.5577163696,657.
354.8024921417,639.
355.0472679138,649.
355.2920436859,674.
355.5368194580,654.
355.7815952301,672.
356.0263710022,683.
356.2711467743,662.
356.5159225464,640.
356.7606983185,689.
357.0054740906,696.
357.2502498627,747.
357.4950256348,735.
357.7398014069,635.
357.984577179,625.
358.2293529510,655.
358.4741287231,664.
358.7189044952,683.
358.9636802673,700.
359.2084560394,679.
359.4532318115,705.
359.6980075836,663.
359.9427833557,657.
360.1875591278,639.
360.4323348999,664.
360.677110672,700.
360.9218864441,677.
361.1666622162,702.
361.4114379883,748.
361.6562137604,711.
361.9009895325,680.
362.1457653046,689.
362.3905410767,664.
362.6353168488,641.
362.8800926208,700.
363.1248683929,741.
363.3696441650,677.
363.6144199371,631.
363.8591957092,652.
364.1039714813,651.
364.3487472534,700.
364.5935230255,706.
364.8382987976,643.
365.0830745697,636.
365.3278503418,690.
365.5726261139,686.
365.817401886,720.
366.0621776581,719.
366.3069534302,681.
366.5517292023,671.
366.7965049744,690.
367.0412807465,685.
367.2860565186,660.
367.5308322906,675.
367.7756080627,734.
368.0203838348,736.
368.2651596069,712.
368.5099353790,707.
368.7547111511,770.
368.9994869232,1012.
369.2442626953,1718.
369.4890384674,2554.
369.7338142395,2405.
369.9785900116,1581.
370.2233657837,1199.
370.4681415558,1161.
370.7129173279,1266.
370.9576931,1434.
371.2024688721,1357.
371.4472446442,1121.
371.6920204163,979.
371.9367961884,884.
372.1815719604,915.
372.4263477325,947.
372.6711235046,818.
372.9158992767,745.
373.1606750488,762.
373.4054508209,783.
373.6502265930,759.
373.8950023651,738.
374.1397781372,687.
374.3845539093,695.
374.6293296814,723.
374.8741054535,688.
375.1188812256,661.
375.3636569977,669.
375.6084327698,675.
375.8532085419,663.
376.097984314,649.
376.3427600861,645.
376.5875358582,675.
376.8323116302,674.
377.0770874023,659.
377.3218631744,684.
377.5666389465,673.
377.8114147186,662.
378.0561904907,647.
378.3009662628,637.
378.5457420349,627.
378.7905178070,656.
379.0352935791,650.
379.2800693512,645.
379.5248451233,684.
379.7696208954,650.
380.0143966675,683.
380.2591724396,621.
380.5039482117,685.
380.7487239838,683.
380.9934997559,656.
381.238275528,686.
381.4830513000,681.
381.7278270721,610.
381.9726028442,604.
382.2173786163,649.
382.4621543884,668.
382.7069301605,684.
382.9517059326,658.
383.1964817047,660.
383.4412574768,651.
383.6860332489,648.
383.930809021,575.
384.1755847931,641.
384.4203605652,657.
384.6651363373,625.
384.9099121094,694.
385.1546878815,659.
385.3994636536,667.
385.6442394257,657.
385.8890151978,643.
386.1337909698,660.
386.3785667419,650.
386.6233425140,613.
386.8681182861,664.
387.1128940582,629.
387.3576698303,614.
387.6024456024,605.
387.8472213745,669.
388.0919971466,598.
388.3367729187,609.
388.5815486908,631.
388.8263244629,633.
389.071100235,648.
389.3158760071,684.
389.5606517792,640.
389.8054275513,599.
390.0502033234,605.
390.2949790955,620.
390.5397548676,659.
390.7845306396,700.
391.0293064117,690.
391.2740821838,679.
391.5188579559,646.
391.7636337280,631.
392.0084095001,645.
392.2531852722,636.
392.4979610443,643.
392.7427368164,652.
392.9875125885,659.
393.2322883606,651.
393.4770641327,662.
393.7218399048,649.
393.9666156769,593.
394.211391449,632.
394.4561672211,648.
394.7009429932,620.
394.9457187653,650.
395.1904945374,643.
395.4352703094,692.
395.6800460815,728.
395.9248218536,731.
396.1695976257,890.
396.4143733978,1877.
396.6591491699,4024.
396.9039249420,5208.
397.1487007141,3913.
397.3934764862,2652.
397.6382522583,2289.
397.8830280304,2551.
398.1278038025,2488.
398.3725795746,1895.
398.6173553467,1431.
398.8621311188,1140.
399.1069068909,966.
399.351682663,857.
399.5964584351,821.
399.8412342072,812.
400.0860099792,805.
400.3307857513,761.
400.5755615234,738.
400.8203372955,657.
401.0651130676,698.
401.3098888397,662.
401.5546646118,688.
401.7994403839,689.
402.0442161560,635.
402.2889919281,667.
402.5337677002,695.
402.7785434723,660.
403.0233192444,691.
403.2680950165,716.
403.5128707886,639.
403.7576465607,635.
404.0024223328,674.
404.2471981049,705.
404.491973877,624.
404.7367496490,574.
404.9815254211,645.
405.2263011932,651.
405.4710769653,629.
405.7158527374,623.
405.9606285095,651.
406.2054042816,666.
406.4501800537,632.
406.6949558258,579.
406.9397315979,596.
407.18450737,576.
407.4292831421,647.
407.6740589142,668.
407.9188346863,596.
408.1636104584,625.
408.4083862305,619.
408.6531620026,650.
408.8979377747,616.
409.1427135468,616.
409.3874893188,650.
409.6322650909,641.
409.8770408630,652.
410.1218166351,636.
410.3665924072,664.
410.6113681793,618.
410.8561439514,603.
411.1009197235,612.
411.3456954956,621.
411.5904712677,690.
411.8352470398,639.
412.0800228119,614.
412.324798584,651.
412.5695743561,647.
412.8143501282,635.
413.0591259003,596.
413.3039016724,634.
413.5486774445,678.
413.7934532166,652.
414.0382289886,648.
414.2830047607,633.
414.5277805328,622.
414.7725563049,624.
415.0173320770,610.
415.2621078491,628.
415.5068836212,619.
415.7516593933,624.
415.9964351654,624.
416.2412109375,632.
416.4859867096,638.
416.7307624817,636.
416.9755382538,631.
417.2203140259,600.
417.465089798,628.
417.7098655701,617.
417.9546413422,637.
418.1994171143,621.
418.4441928864,599.
418.6889686584,582.
418.9337444305,525.
419.1785202026,560.
419.4232959747,601.
419.6680717468,578.
419.9128475189,603.
420.1576232910,660.
420.4023990631,667.
420.6471748352,631.
420.8919506073,608.
421.1367263794,597.
421.3815021515,618.
421.6262779236,601.
421.8710536957,598.
422.1158294678,624.
422.3606052399,625.
422.605381012,578.
422.8501567841,582.
423.0949325562,585.
423.3397083282,616.
423.5844841003,598.
423.8292598724,560.
424.0740356445,576.
424.3188114166,559.
424.5635871887,610.
424.8083629608,637.
425.0531387329,681.
425.2979145050,593.
425.5426902771,586.
425.7874660492,624.
426.0322418213,570.
426.2770175934,608.
426.5217933655,616.
426.7665691376,603.
427.0113449097,688.
427.2561206818,660.
427.5008964539,617.
427.745672226,643.
427.9904479980,602.
428.2352237701,576.
428.4799995422,590.
428.7247753143,547.
428.9695510864,582.
429.2143268585,590.
429.4591026306,615.
429.7038784027,571.
429.9486541748,576.
430.1934299469,585.
430.438205719,588.
430.6829814911,564.
430.9277572632,586.
431.1725330353,516.
431.4173088074,539.
431.6620845795,608.
431.9068603516,600.
432.1516361237,637.
432.3964118958,620.
432.6411876678,614.
432.8859634399,638.
433.1307392120,610.
433.3755149841,624.
433.6202907562,607.
433.8650665283,579.
434.1098423004,548.
434.3546180725,635.
434.5993938446,654.
434.8441696167,592.
435.0889453888,582.
435.3337211609,596.
435.578496933,636.
435.8232727051,619.
436.0680484772,585.
436.3128242493,588.
436.5576000214,603.
436.8023757935,585.
437.0471515656,578.
437.2919273376,633.
437.5367031097,627.
437.7814788818,584.
438.0262546539,569.
438.2710304260,574.
438.5158061981,590.
438.7605819702,609.
439.0053577423,604.
439.2501335144,546.
439.4949092865,535.
439.7396850586,569.
439.9844608307,576.
440.2292366028,552.
440.4740123749,593.
440.718788147,602.
440.9635639191,603.
441.2083396912,600.
441.4531154633,601.
441.6978912354,562.
441.9426670074,503.
442.1874427795,597.
442.4322185516,626.
442.6769943237,625.
442.9217700958,637.
443.1665458679,555.
443.4113216400,601.
443.6560974121,577.
443.9008731842,581.
444.1456489563,561.
444.3904247284,599.
444.6352005005,615.
444.8799762726,568.
445.1247520447,608.
445.3695278168,585.
445.6143035889,590.
445.859079361,572.
446.1038551331,590.
446.3486309052,653.
446.5934066772,650.
446.8381824493,613.
447.0829582214,617.
447.3277339935,639.
447.5725097656,588.
447.8172855377,585.
448.0620613098,599.
448.3068370819,640.
448.5516128540,659.
448.7963886261,588.
449.0411643982,553.
449.2859401703,567.
449.5307159424,584.
449.7754917145,623.
450.0202674866,632.
450.2650432587,662.
450.5098190308,631.
450.7545948029,642.
450.999370575,622.
451.2441463470,629.
451.4889221191,662.
451.7336978912,633.
451.9784736633,605.
452.2232494354,608.
452.4680252075,583.
452.7128009796,576.
452.9575767517,624.
453.2023525238,611.
453.4471282959,575.
453.691904068,597.
453.9366798401,630.
454.1814556122,627.
454.4262313843,600.
454.6710071564,621.
454.9157829285,641.
455.1605587006,680.
455.4053344727,602.
455.6501102448,608.
455.8948860168,631.
456.1396617889,640.
456.3844375610,580.
456.6292133331,555.
456.8739891052,587.
457.1187648773,592.
457.3635406494,612.
457.6083164215,605.
457.8530921936,687.
458.0978679657,719.
458.3426437378,737.
458.5874195099,910.
458.832195282,1564.
459.0769710541,2938.
459.3217468262,3634.
459.5665225983,2388.
459.8112983704,1400.
460.0560741425,997.
460.3008499146,882.
460.5456256866,731.
460.7904014587,707.
461.0351772308,683.
461.2799530029,647.
461.5247287750,649.
461.7695045471,657.
462.0142803192,646.
462.2590560913,608.
462.5038318634,603.
462.7486076355,617.
462.9933834076,663.
463.2381591797,642.
463.4829349518,553.
463.7277107239,583.
463.972486496,634.
464.2172622681,632.
464.4620380402,603.
464.7068138123,588.
464.9515895844,605.
465.1963653564,643.
465.4411411285,647.
465.6859169006,644.
465.9306926727,628.
466.1754684448,601.
466.4202442169,632.
466.6650199890,646.
466.9097957611,644.
467.1545715332,647.
467.3993473053,605.
467.6441230774,604.
467.8888988495,613.
468.1336746216,603.
468.3784503937,595.
468.6232261658,575.
468.8680019379,513.
469.11277771,573.
469.3575534821,589.
469.6023292542,567.
469.8471050262,569.
470.0918807983,596.
470.3366565704,613.
470.5814323425,551.
470.8262081146,619.
471.0709838867,641.
471.3157596588,622.
471.5605354309,630.
471.8053112030,632.
472.0500869751,584.
472.2948627472,553.
472.5396385193,501.
472.7844142914,578.
473.0291900635,633.
473.2739658356,618.
473.5187416077,603.
473.7635173798,602.
474.0082931519,589.
474.253068924,586.
474.4978446960,590.
474.7426204681,584.
474.9873962402,610.
475.2321720123,609.
475.4769477844,637.
475.7217235565,602.
475.9664993286,551.
476.2112751007,608.
476.4560508728,623.
476.7008266449,619.
476.945602417,615.
477.1903781891,579.
477.4351539612,577.
477.6799297333,596.
477.9247055054,598.
478.1694812775,534.
478.4142570496,587.
478.6590328217,613.
478.9038085938,600.
479.1485843658,592.
479.3933601379,586.
479.6381359100,582.
479.8829116821,607.
480.1276874542,599.
480.3724632263,603.
480.6172389984,571.
480.8620147705,560.
481.1067905426,555.
481.3515663147,608.
481.5963420868,600.
481.8411178589,549.
482.085893631,545.
482.3306694031,557.
482.5754451752,563.
482.8202209473,541.
483.0649967194,555.
483.3097724915,619.
483.5545482635,601.
483.7993240356,582.
484.0440998077,615.
484.2888755798,563.
484.5336513519,627.
484.7784271240,587.
485.0232028961,538.
485.2679786682,598.
485.5127544403,590.
485.7575302124,571.
486.0023059845,588.
486.2470817566,622.
486.4918575287,567.
486.7366333008,555.
486.9814090729,584.
487.226184845,576.
487.4709606171,578.
487.7157363892,620.
487.9605121613,590.
488.2052879333,572.
488.4500637054,579.
488.6948394775,529.
488.9396152496,591.
489.1843910217,625.
489.4291667938,582.
489.6739425659,606.
489.9187183380,603.
490.1634941101,628.
490.4082698822,636.
490.6530456543,597.
490.8978214264,566.
491.1425971985,608.
491.3873729706,653.
491.6321487427,595.
491.8769245148,584.
492.1217002869,587.
492.366476059,606.
492.6112518311,630.
492.8560276031,641.
493.1008033752,623.
493.3455791473,611.
493.5903549194,595.
493.8351306915,633.
494.0799064636,646.
494.3246822357,685.
494.5694580078,747.
494.8142337799,1439.
495.0590095520,3834.
495.3037853241,6630.
495.5485610962,7283.
495.7933368683,6583.
496.0381126404,4995.
496.2828884125,2923.
496.5276641846,1845.
496.7724399567,1376.
497.0172157288,1167.
497.2619915009,985.
497.5067672729,869.
497.7515430450,815.
497.9963188171,782.
498.2410945892,709.
498.4858703613,712.
498.7306461334,732.
498.9754219055,660.
499.2201976776,702.
499.4649734497,657.
499.7097492218,648.
499.9545249939,660.
500.199300766,633.
500.4440765381,615.
500.6888523102,624.
500.9336280823,603.
501.1784038544,579.
501.4231796265,613.
501.6679553986,639.
501.9127311707,645.
502.1575069427,670.
502.4022827148,616.
502.6470584869,595.
502.8918342590,570.
503.1366100311,591.
503.3813858032,630.
503.6261615753,650.
503.8709373474,607.
504.1157131195,570.
504.3604888916,620.
504.6052646637,606.
504.8500404358,555.
505.0948162079,609.
505.33959198,576.
505.5843677521,550.
505.8291435242,559.
506.0739192963,572.
506.3186950684,576.
506.5634708405,557.
506.8082466125,616.
507.0530223846,577.
507.2977981567,533.
507.5425739288,566.
507.7873497009,538.
508.0321254730,527.
508.2769012451,597.
508.5216770172,656.
508.7664527893,603.
509.0112285614,610.
509.2560043335,592.
509.5007801056,554.
509.7455558777,591.
509.9903316498,600.
510.2351074219,604.
510.479883194,591.
510.7246589661,518.
510.9694347382,604.
511.2142105103,593.
511.4589862823,555.
511.7037620544,635.
511.9485378265,636.
512.1933135986,606.
512.4380893707,563.
512.6828651428,592.
512.9276409149,632.
513.1724166870,616.
513.4171924591,614.
513.6619682312,656.
513.9067440033,604.
514.1515197754,582.
514.3962955475,606.
514.6410713196,599.
514.8858470917,612.
515.1306228638,579.
515.3753986359,587.
515.620174408,599.
515.8649501801,585.
516.1097259521,563.
516.3545017242,580.
516.5992774963,589.
516.8440532684,591.
517.0888290405,604.
517.3336048126,663.
517.5783805847,586.
517.8231563568,541.
518.0679321289,569.
518.3127079010,556.
518.5574836731,576.
518.8022594452,589.
519.0470352173,584.
519.2918109894,590.
519.5365867615,657.
519.7813625336,638.
520.0261383057,649.
520.2709140778,638.
520.5156898499,554.
520.7604656219,561.
521.0052413940,570.
521.2500171661,582.
521.4947929382,608.
521.7395687103,625.
521.9843444824,620.
522.2291202545,573.
522.4738960266,545.
522.7186717987,580.
522.9634475708,658.
523.2082233429,753.
523.452999115,984.
523.6977748871,1297.
523.9425506592,1420.
524.1873264313,1258.
524.4321022034,1025.
524.6768779755,829.
524.9216537476,737.
525.1664295197,755.
525.4112052917,1015.
525.6559810638,1354.
525.9007568359,1525.
526.1455326080,1367.
526.3903083801,1035.
526.6350841522,816.
526.8798599243,699.
527.1246356964,653.
527.3694114685,630.
527.6141872406,609.
527.8589630127,565.
528.1037387848,589.
528.3485145569,603.
528.593290329,652.
528.8380661011,624.
529.0828418732,587.
529.3276176453,603.
529.5723934174,600.
529.8171691895,611.
530.0619449615,576.
530.3067207336,556.
530.5514965057,611.
530.7962722778,588.
531.0410480499,569.
531.2858238220,635.
531.5305995941,649.
531.7753753662,600.
532.0201511383,566.
532.2649269104,542.
532.5097026825,552.
532.7544784546,561.
532.9992542267,584.
533.2440299988,587.
533.4888057709,577.
533.733581543,565.
533.9783573151,616.
534.2231330872,618.
534.4679088593,599.
534.7126846313,625.
534.9574604034,579.
535.2022361755,565.
535.4470119476,579.
535.6917877197,582.
535.9365634918,588.
536.1813392639,622.
536.4261150360,629.
536.6708908081,572.
536.9156665802,605.
537.1604423523,592.
537.4052181244,601.
537.6499938965,613.
537.8947696686,576.
538.1395454407,617.
538.3843212128,606.
538.6290969849,616.
538.873872757,594.
539.1186485291,586.
539.3634243011,592.
539.6082000732,583.
539.8529758453,569.
540.0977516174,601.
540.3425273895,642.
540.5873031616,608.
540.8320789337,592.
541.0768547058,573.
541.3216304779,595.
541.56640625,568.
541.8111820221,585.
542.0559577942,633.
542.3007335663,595.
542.5455093384,574.
542.7902851105,578.
543.0350608826,626.
543.2798366547,569.
543.5246124268,574.
543.7693881989,567.
544.0141639709,567.
544.2589397430,609.
544.5037155151,609.
544.7484912872,574.
544.9932670593,572.
545.2380428314,537.
545.4828186035,564.
545.7275943756,572.
545.9723701477,557.
546.2171459198,559.
546.4619216919,588.
546.706697464,632.
546.9514732361,609.
547.1962490082,561.
547.4410247803,544.
547.6858005524,565.
547.9305763245,602.
548.1753520966,595.
548.4201278687,609.
548.6649036407,647.
548.9096794128,597.
549.1544551849,584.
549.3992309570,558.
549.6440067291,615.
549.8887825012,566.
550.1335582733,568.
550.3783340454,608.
550.6231098175,613.
550.8678855896,579.
551.1126613617,535.
551.3574371338,541.
551.6022129059,573.
551.846988678,588.
552.0917644501,581.
552.3365402222,565.
552.5813159943,555.
552.8260917664,585.
553.0708675385,586.
553.3156433105,559.
553.5604190826,598.
553.8051948547,592.
554.0499706268,509.
554.2947463989,489.
554.5395221710,568.
554.7842979431,584.
555.0290737152,588.
555.2738494873,611.
555.5186252594,619.
555.7634010315,576.
556.0081768036,586.
556.2529525757,580.
556.4977283478,572.
556.7425041199,558.
556.987279892,566.
557.2320556641,583.
557.4768314362,554.
557.7216072083,616.
557.9663829803,596.
558.2111587524,587.
558.4559345245,594.
558.7007102966,611.
558.9454860687,583.
559.1902618408,617.
559.4350376129,596.
559.6798133850,567.
559.9245891571,595.
560.1693649292,621.
560.4141407013,611.
560.6589164734,549.
560.9036922455,576.
561.1484680176,623.
561.3932437897,620.
561.6380195618,628.
561.8827953339,647.
562.127571106,614.
562.3723468781,598.
562.6171226501,629.
562.8618984222,576.
563.1066741943,580.
563.3514499664,577.
563.5962257385,608.
563.8410015106,606.
564.0857772827,582.
564.3305530548,551.
564.5753288269,513.
564.820104599,552.
565.0648803711,607.
565.3096561432,584.
565.5544319153,597.
565.7992076874,575.
566.0439834595,576.
566.2887592316,627.
566.5335350037,584.
566.7783107758,539.
567.0230865479,563.
567.2678623199,600.
567.5126380920,618.
567.7574138641,595.
568.0021896362,607.
568.2469654083,611.
568.4917411804,576.
568.7365169525,556.
568.9812927246,561.
569.2260684967,552.
569.4708442688,560.
569.7156200409,550.
569.960395813,553.
570.2051715851,626.
570.4499473572,590.
570.6947231293,587.
570.9394989014,602.
571.1842746735,602.
571.4290504456,561.
571.6738262177,544.
571.9186019897,600.
572.1633777618,551.
572.4081535339,541.
572.6529293060,539.
572.8977050781,540.
573.1424808502,569.
573.3872566223,572.
573.6320323944,543.
573.8768081665,532.
574.1215839386,557.
574.3663597107,569.
574.6111354828,594.
574.8559112549,593.
575.100687027,579.
575.3454627991,587.
575.5902385712,548.
575.8350143433,555.
576.0797901154,546.
576.3245658875,573.
576.5693416595,586.
576.8141174316,557.
577.0588932037,523.
577.3036689758,532.
577.5484447479,594.
577.7932205200,583.
578.0379962921,571.
578.2827720642,574.
578.5275478363,553.
578.7723236084,543.
579.0170993805,523.
579.2618751526,542.
579.5066509247,616.
579.7514266968,625.
579.9962024689,585.
580.240978241,633.
580.4857540131,601.
580.7305297852,567.
580.9753055573,608.
581.2200813293,614.
581.4648571014,560.
581.7096328735,585.
581.9544086456,593.
582.1991844177,599.
582.4439601898,585.
582.6887359619,579.
582.9335117340,581.
583.1782875061,573.
583.4230632782,579.
583.6678390503,577.
583.9126148224,596.
584.1573905945,566.
584.4021663666,583.
584.6469421387,563.
584.8917179108,556.
585.1364936829,527.
585.381269455,591.
585.6260452271,599.
585.8708209991,529.
586.1155967712,600.
586.3603725433,576.
586.6051483154,571.
586.8499240875,563.
587.0946998596,609.
587.3394756317,571.
587.5842514038,569.
587.8290271759,580.
588.073802948,576.
588.3185787201,566.
588.5633544922,575.
588.8081302643,569.
589.0529060364,590.
589.2976818085,554.
589.5424575806,570.
589.7872333527,587.
590.0320091248,581.
590.2767848969,603.
590.5215606689,631.
590.7663364410,601.
591.0111122131,576.
591.2558879852,591.
591.5006637573,569.
591.7454395294,616.
591.9902153015,571.
592.2349910736,577.
592.4797668457,577.
592.7245426178,591.
592.9693183899,621.
593.214094162,598.
593.4588699341,595.
593.7036457062,616.
593.9484214783,590.
594.1931972504,579.
594.4379730225,571.
594.6827487946,558.
594.9275245667,614.
595.1723003387,609.
595.4170761108,558.
595.6618518829,601.
595.9066276550,638.
596.1514034271,597.
596.3961791992,617.
596.6409549713,556.
596.8857307434,560.
597.1305065155,575.
597.3752822876,556.
597.6200580597,536.
597.8648338318,568.
598.1096096039,611.
598.354385376,566.
598.5991611481,576.
598.8439369202,624.
599.0887126923,607.
599.3334884644,599.
599.5782642365,579.
599.8230400085,578.
600.0678157806,571.
600.3125915527,600.
600.5573673248,598.
600.8021430969,539.
601.0469188690,561.
601.2916946411,537.
601.5364704132,552.
601.7812461853,537.
602.0260219574,515.
602.2707977295,552.
602.5155735016,525.
602.7603492737,564.
603.0051250458,599.
603.2499008179,528.
603.49467659,527.
603.7394523621,587.
603.9842281342,545.
604.2290039062,596.
604.4737796783,631.
604.7185554504,615.
604.9633312225,596.
605.2081069946,570.
605.4528827667,569.
605.6976585388,570.
605.9424343109,625.
606.1872100830,593.
606.4319858551,550.
606.6767616272,584.
606.9215373993,595.
607.1663131714,548.
607.4110889435,546.
607.6558647156,556.
607.9006404877,584.
608.1454162598,573.
608.3901920319,505.
608.634967804,508.
608.8797435760,529.
609.1245193481,569.
609.3692951202,577.
609.6140708923,571.
609.8588466644,587.
610.1036224365,586.
610.3483982086,550.
610.5931739807,567.
610.8379497528,535.
611.0827255249,514.
611.327501297,533.
611.5722770691,552.
611.8170528412,586.
612.0618286133,576.
612.3066043854,572.
612.5513801575,588.
612.7961559296,572.
613.0409317017,566.
613.2857074738,541.
613.5304832458,598.
613.7752590179,584.
614.0200347900,582.
614.2648105621,592.
614.5095863342,607.
614.7543621063,595.
614.9991378784,572.
615.2439136505,568.
615.4886894226,562.
615.7334651947,559.
615.9782409668,540.
616.2230167389,547.
616.467792511,551.
616.7125682831,572.
616.9573440552,578.
617.2021198273,567.
617.4468955994,571.
617.6916713715,655.
617.9364471436,609.
618.1812229156,569.
618.4259986877,607.
618.6707744598,591.
618.9155502319,581.
619.1603260040,590.
619.4051017761,571.
619.6498775482,601.
619.8946533203,593.
620.1394290924,596.
620.3842048645,561.
620.6289806366,566.
620.8737564087,564.
621.1185321808,583.
621.3633079529,531.
621.608083725,509.
621.8528594971,519.
622.0976352692,533.
622.3424110413,511.
622.5871868134,524.
622.8319625854,549.
623.0767383575,587.
623.3215141296,502.
623.5662899017,536.
623.8110656738,586.
624.0558414459,623.
624.3006172180,639.
624.5453929901,585.
624.7901687622,588.
625.0349445343,584.
625.2797203064,593.
625.5244960785,566.
625.7692718506,552.
626.0140476227,588.
626.2588233948,576.
626.5035991669,554.
626.748374939,541.
626.9931507111,601.
627.2379264832,588.
627.4827022552,582.
627.7274780273,599.
627.9722537994,570.
628.2170295715,524.
628.4618053436,574.
628.7065811157,588.
628.9513568878,571.
629.1961326599,606.
629.4409084320,562.
629.6856842041,552.
629.9304599762,577.
630.1752357483,539.
630.4200115204,523.
630.6647872925,516.
630.9095630646,572.
631.1543388367,525.
631.3991146088,521.
631.6438903809,520.
631.888666153,537.
632.1334419250,532.
632.3782176971,555.
632.6229934692,561.
632.8677692413,596.
633.1125450134,562.
633.3573207855,600.
633.6020965576,547.
633.8468723297,518.
634.0916481018,534.
634.3364238739,507.
634.581199646,504.
634.8259754181,600.
635.0707511902,543.
635.3155269623,528.
635.5603027344,564.
635.8050785065,600.
636.0498542786,535.
636.2946300507,535.
636.5394058228,605.
636.7841815948,583.
637.0289573669,584.
637.2737331390,615.
637.5185089111,621.
637.7632846832,586.
638.0080604553,563.
638.2528362274,546.
638.4976119995,574.
638.7423877716,567.
638.9871635437,566.
639.2319393158,560.
639.4767150879,551.
639.72149086,551.
639.9662666321,506.
640.2110424042,535.
640.4558181763,553.
640.7005939484,560.
640.9453697205,558.
641.1901454926,572.
641.4349212646,551.
641.6796970367,532.
641.9244728088,510.
642.1692485809,553.
642.4140243530,561.
642.6588001251,509.
642.9035758972,506.
643.1483516693,522.
643.3931274414,565.
643.6379032135,560.
643.8826789856,599.
644.1274547577,559.
644.3722305298,491.
644.6170063019,520.
644.861782074,557.
645.1065578461,572.
645.3513336182,603.
645.5961093903,556.
645.8408851624,562.
646.0856609344,518.
646.3304367065,571.
646.5752124786,617.
646.8199882507,594.
647.0647640228,583.
647.3095397949,569.
647.5543155670,575.
647.7990913391,601.
648.0438671112,570.
648.2886428833,568.
648.5334186554,561.
648.7781944275,550.
649.0229701996,523.
649.2677459717,557.
649.5125217438,547.
649.7572975159,591.
650.002073288,563.
650.2468490601,557.
650.4916248322,514.
650.7364006042,538.
650.9811763763,559.
651.2259521484,552.
651.4707279205,573.
651.7155036926,549.
651.9602794647,502.
652.2050552368,517.
652.4498310089,618.
652.6946067810,599.
652.9393825531,597.
653.1841583252,569.
653.4289340973,562.
653.6737098694,570.
653.9184856415,616.
654.1632614136,580.
654.4080371857,576.
654.6528129578,580.
654.8975887299,522.
655.142364502,507.
655.3871402740,532.
655.6319160461,553.
655.8766918182,591.
656.1214675903,579.
656.3662433624,534.
656.6110191345,517.
656.8557949066,543.
657.1005706787,552.
657.3453464508,563.
657.5901222229,584.
657.834897995,530.
658.0796737671,518.
658.3244495392,595.
658.5692253113,541.
658.8140010834,561.
659.0587768555,605.
659.3035526276,583.
659.5483283997,588.
659.7931041718,552.
660.0378799438,496.
660.2826557159,526.
660.5274314880,555.
660.7722072601,554.
661.0169830322,518.
661.2617588043,533.
661.5065345764,560.
661.7513103485,563.
661.9960861206,561.
662.2408618927,534.
662.4856376648,546.
662.7304134369,525.
662.975189209,534.
663.2199649811,556.
663.4647407532,563.
663.7095165253,499.
663.9542922974,506.
664.1990680695,563.
664.4438438416,566.
664.6886196136,528.
664.9333953857,540.
665.1781711578,532.
665.4229469299,555.
665.6677227020,560.
665.9124984741,581.
666.1572742462,568.
666.4020500183,576.
666.6468257904,610.
666.8916015625,648.
667.1363773346,636.
667.3811531067,563.
667.6259288788,548.
667.8707046509,581.
668.115480423,544.
668.3602561951,520.
668.6050319672,563.
668.8498077393,590.
669.0945835114,592.
669.3393592834,536.
669.5841350555,577.
669.8289108276,586.
670.0736865997,584.
670.3184623718,607.
670.5632381439,553.
670.8080139160,569.
671.0527896881,595.
671.2975654602,564.
671.5423412323,549.
671.7871170044,547.
672.0318927765,537.
672.2766685486,596.
672.5214443207,607.
672.7662200928,560.
673.0109958649,521.
673.255771637,515.
673.5005474091,523.
673.7453231812,560.
673.9900989532,521.
674.2348747253,562.
674.4796504974,599.
674.7244262695,558.
674.9692020416,479.
675.2139778137,503.
675.4587535858,555.
675.7035293579,560.
675.9483051300,522.
676.1930809021,544.
676.4378566742,587.
676.6826324463,552.
676.9274082184,579.
677.1721839905,553.
677.4169597626,567.
677.6617355347,609.
677.9065113068,605.
678.1512870789,599.
678.396062851,592.
678.6408386230,549.
678.8856143951,547.
679.1303901672,573.
679.3751659393,542.
679.6199417114,557.
679.8647174835,579.
680.1094932556,560.
680.3542690277,568.
680.5990447998,553.
680.8438205719,573.
681.088596344,580.
681.3333721161,558.
681.5781478882,561.
681.8229236603,604.
682.0676994324,560.
682.3124752045,552.
682.5572509766,534.
682.8020267487,553.
683.0468025208,536.
683.2915782928,534.
683.5363540649,566.
683.7811298370,562.
684.0259056091,543.
684.2706813812,553.
684.5154571533,568.
684.7602329254,553.
685.0050086975,580.
685.2497844696,584.
685.4945602417,524.
685.7393360138,505.
685.9841117859,548.
686.228887558,550.
686.4736633301,605.
686.7184391022,544.
686.9632148743,558.
687.2079906464,584.
687.4527664185,555.
687.6975421906,540.
687.9423179626,576.
688.1870937347,517.
688.4318695068,571.
688.6766452789,564.
688.9214210510,545.
689.1661968231,524.
689.4109725952,561.
689.6557483673,591.
689.9005241394,587.
690.1452999115,532.
690.3900756836,553.
690.6348514557,571.
690.8796272278,561.
691.1244029999,592.
691.369178772,606.
691.6139545441,551.
691.8587303162,542.
692.1035060883,561.
692.3482818604,580.
692.5930576324,593.
692.8378334045,572.
693.0826091766,541.
693.3273849487,533.
693.5721607208,557.
693.8169364929,550.
694.0617122650,571.
694.3064880371,585.
694.5512638092,582.
694.7960395813,562.
695.0408153534,535.
695.2855911255,537.
695.5303668976,568.
695.7751426697,563.
696.0199184418,543.
696.2646942139,575.
696.509469986,525.
696.7542457581,511.
696.9990215302,512.
697.2437973022,547.
697.4885730743,547.
697.7333488464,555.
697.9781246185,563.
698.2229003906,570.
698.4676761627,556.
698.7124519348,534.
698.9572277069,568.
699.2020034790,545.
699.4467792511,544.
699.6915550232,564.
699.9363307953,529.
700.1811065674,508.
700.4258823395,513.
700.6706581116,536.
700.9154338837,549.
701.1602096558,521.
701.4049854279,554.
701.6497612,545.
701.8945369720,523.
702.1393127441,515.
702.3840885162,507.
702.6288642883,537.
702.8736400604,539.
703.1184158325,530.
703.3631916046,513.
703.6079673767,565.
703.8527431488,647.
704.0975189209,643.
704.342294693,629.
704.5870704651,569.
704.8318462372,573.
705.0766220093,591.
705.3213977814,560.
705.5661735535,568.
705.8109493256,540.
706.0557250977,524.
706.3005008698,572.
706.5452766418,572.
706.7900524139,550.
707.0348281860,519.
707.2796039581,504.
707.5243797302,546.
707.7691555023,579.
708.0139312744,528.
708.2587070465,509.
708.5034828186,537.
708.7482585907,545.
708.9930343628,593.
709.2378101349,555.
709.482585907,550.
709.7273616791,542.
709.9721374512,559.
710.2169132233,599.
710.4616889954,523.
710.7064647675,567.
710.9512405396,556.
711.1960163116,512.
711.4407920837,560.
711.6855678558,571.
711.9303436279,563.
712.1751194000,547.
712.4198951721,564.
712.6646709442,534.
712.9094467163,560.
713.1542224884,551.
713.3989982605,593.
713.6437740326,615.
713.8885498047,576.
714.1333255768,616.
714.3781013489,610.
714.622877121,555.
714.8676528931,517.
715.1124286652,572.
715.3572044373,556.
715.6019802094,535.
715.8467559814,585.
716.0915317535,588.
716.3363075256,570.
716.5810832977,555.
716.8258590698,529.
717.0706348419,578.
717.3154106140,588.
717.5601863861,600.
717.8049621582,545.
718.0497379303,516.
718.2945137024,515.
718.5392894745,536.
718.7840652466,524.
719.0288410187,529.
719.2736167908,552.
719.5183925629,571.
719.763168335,547.
720.0079441071,567.
720.2527198792,553.
720.4974956512,530.
720.7422714233,552.
720.9870471954,563.
721.2318229675,588.
721.4765987396,591.
721.7213745117,543.
721.9661502838,519.
722.2109260559,537.
722.4557018280,568.
722.7004776001,524.
722.9452533722,547.
723.1900291443,558.
723.4348049164,533.
723.6795806885,510.
723.9243564606,546.
724.1691322327,585.
724.4139080048,526.
724.6586837769,489.
724.903459549,552.
725.1482353210,584.
725.3930110931,547.
725.6377868652,554.
725.8825626373,561.
726.1273384094,600.
726.3721141815,577.
726.6168899536,615.
726.8616657257,588.
727.1064414978,525.
727.3512172699,540.
727.595993042,575.
727.8407688141,552.
728.0855445862,552.
728.3303203583,541.
728.5750961304,531.
728.8198719025,551.
729.0646476746,600.
729.3094234467,620.
729.5541992188,563.
729.7989749908,529.
730.0437507629,512.
730.2885265350,623.
730.5333023071,615.
730.7780780792,530.
731.0228538513,521.
731.2676296234,566.
731.5124053955,576.
731.7571811676,565.
732.0019569397,566.
732.2467327118,552.
732.4915084839,606.
732.736284256,562.
732.9810600281,537.
733.2258358002,556.
733.4706115723,564.
733.7153873444,556.
733.9601631165,514.
734.2049388885,560.
734.4497146606,590.
734.6944904327,575.
734.9392662048,570.
735.1840419769,592.
735.4288177490,595.
735.6735935211,584.
735.9183692932,605.
736.1631450653,544.
736.4079208374,535.
736.6526966095,555.
736.8974723816,525.
737.1422481537,565.
737.3870239258,558.
737.6317996979,531.
737.87657547,527.
738.1213512421,544.
738.3661270142,563.
738.6109027863,534.
738.8556785583,533.
739.1004543304,466.
739.3452301025,493.
739.5900058746,585.
739.8347816467,590.
740.0795574188,536.
740.3243331909,534.
740.5691089630,547.
740.8138847351,513.
741.0586605072,539.
741.3034362793,540.
741.5482120514,537.
741.7929878235,543.
742.0377635956,532.
742.2825393677,530.
742.5273151398,572.
742.7720909119,555.
743.016866684,553.
743.2616424561,546.
743.5064182281,571.
743.7511940002,588.
743.9959697723,584.
744.2407455444,584.
744.4855213165,596.
744.7302970886,563.
744.9750728607,560.
745.2198486328,539.
745.4646244049,576.
745.7094001770,536.
745.9541759491,526.
746.1989517212,557.
746.4437274933,536.
746.6885032654,589.
746.9332790375,561.
747.1780548096,573.
747.4228305817,593.
747.6676063538,544.
747.9123821259,539.
748.1571578979,550.
748.4019336700,559.
748.6467094421,604.
748.8914852142,571.
749.1362609863,534.
749.3810367584,575.
749.6258125305,544.
749.8705883026,540.
750.1153640747,524.
750.3601398468,569.
750.6049156189,586.
750.849691391,563.
751.0944671631,545.
751.3392429352,547.
751.5840187073,499.
751.8287944794,527.
752.0735702515,560.
752.3183460236,576.
752.5631217957,637.
752.8078975677,616.
753.0526733398,549.
753.2974491119,547.
753.5422248840,576.
753.7870006561,609.
754.0317764282,584.
754.2765522003,565.
754.5213279724,536.
754.7661037445,551.
755.0108795166,515.
755.2556552887,554.
755.5004310608,524.
755.7452068329,519.
755.989982605,505.
756.2347583771,515.
756.4795341492,510.
756.7243099213,536.
756.9690856934,517.
757.2138614655,546.
757.4586372375,599.
757.7034130096,518.
757.9481887817,525.
758.1929645538,505.
758.4377403259,512.
758.6825160980,575.
758.9272918701,570.
759.1720676422,536.
759.4168434143,536.
759.6616191864,556.
759.9063949585,574.
760.1511707306,537.
760.3959465027,544.
760.6407222748,531.
760.8854980469,565.
761.130273819,573.
761.3750495911,544.
761.6198253632,546.
761.8646011353,561.
762.1093769073,504.
762.3541526794,542.
762.5989284515,528.
762.8437042236,568.
763.0884799957,544.
763.3332557678,573.
763.5780315399,569.
763.8228073120,565.
764.0675830841,577.
764.3123588562,602.
764.5571346283,560.
764.8019104004,559.
765.0466861725,535.
765.2914619446,526.
765.5362377167,542.
765.7810134888,542.
766.0257892609,577.
766.270565033,574.
766.5153408051,576.
766.7601165771,582.
767.0048923492,583.
767.2496681213,578.
767.4944438934,565.
767.7392196655,558.
767.9839954376,596.
768.2287712097,590.
768.4735469818,582.
768.7183227539,547.
768.9630985260,533.
769.2078742981,547.
769.4526500702,609.
769.6974258423,624.
769.9422016144,582.
770.1869773865,516.
770.4317531586,499.
770.6765289307,515.
770.9213047028,540.
771.1660804749,555.
771.4108562469,500.
771.6556320190,513.
771.9004077911,567.
772.1451835632,538.
772.3899593353,513.
772.6347351074,539.
772.8795108795,518.
773.1242866516,551.
773.3690624237,588.
773.6138381958,526.
773.8586139679,563.
774.10338974,539.
774.3481655121,524.
774.5929412842,532.
774.8377170563,529.
775.0824928284,518.
775.3272686005,551.
775.5720443726,547.
775.8168201447,530.
776.0615959167,589.
776.3063716888,603.
776.5511474609,541.
776.7959232330,551.
777.0406990051,552.
777.2854747772,558.
777.5302505493,588.
777.7750263214,580.
778.0198020935,581.
778.2645778656,536.
778.5093536377,537.
778.7541294098,570.
778.9989051819,579.
779.243680954,607.
779.4884567261,570.
779.7332324982,587.
779.9780082703,555.
780.2227840424,543.
780.4675598145,524.
780.7123355865,524.
780.9571113586,499.
781.2018871307,523.
781.4466629028,515.
781.6914386749,538.
781.9362144470,571.
782.1809902191,536.
782.4257659912,535.
782.6705417633,557.
782.9153175354,550.
783.1600933075,524.
783.4048690796,563.
783.6496448517,556.
783.8944206238,556.
784.1391963959,549.
784.383972168,526.
784.6287479401,552.
784.8735237122,561.
785.1182994843,563.
785.3630752563,568.
785.6078510284,569.
785.8526268005,574.
786.0974025726,567.
786.3421783447,569.
786.5869541168,620.
786.8317298889,597.
787.0765056610,601.
787.3212814331,584.
787.5660572052,518.
787.8108329773,576.
788.0556087494,553.
788.3003845215,567.
788.5451602936,574.
788.7899360657,583.
789.0347118378,557.
789.2794876099,528.
789.524263382,578.
789.7690391541,556.
790.0138149261,515.
790.2585906982,548.
790.5033664703,530.
790.7481422424,553.
790.9929180145,520.
791.2376937866,513.
791.4824695587,550.
791.7272453308,561.
791.9720211029,505.
792.216796875,597.
792.4615726471,578.
792.7063484192,544.
792.9511241913,523.
793.1958999634,560.
793.4406757355,509.
793.6854515076,504.
793.9302272797,542.
794.1750030518,596.
794.4197788239,556.
794.6645545959,514.
794.9093303680,540.
795.1541061401,530.
795.3988819122,577.
795.6436576843,565.
795.8884334564,567.
796.1332092285,563.
796.3779850006,565.
796.6227607727,583.
796.8675365448,634.
797.1123123169,567.
797.357088089,604.
797.6018638611,602.
797.8466396332,574.
798.0914154053,566.
798.3361911774,592.
798.5809669495,585.
798.8257427216,539.
799.0705184937,557.
799.3152942657,609.
799.5600700378,607.
799.8048458099,598.
800.0496215820,660.
800.2943973541,625.
800.5391731262,611.
800.7839488983,580.
801.0287246704,597.
801.2735004425,548.
801.5182762146,576.
801.7630519867,552.
802.0078277588,552.
802.2526035309,518.
802.497379303,545.
802.7421550751,570.
802.9869308472,615.
803.2317066193,571.
803.4764823914,566.
803.7212581635,596.
803.9660339355,574.
804.2108097076,545.
804.4555854797,564.
804.7003612518,579.
804.9451370239,583.
805.1899127960,573.
805.4346885681,603.
805.6794643402,567.
805.9242401123,542.
806.1690158844,587.
806.4137916565,496.
806.6585674286,507.
806.9033432007,546.
807.1481189728,577.
807.3928947449,569.
807.637670517,562.
807.8824462891,611.
808.1272220612,550.
808.3719978333,542.
808.6167736053,550.
808.8615493774,581.
809.1063251495,546.
809.3511009216,543.
809.5958766937,564.
809.8406524658,568.
810.0854282379,599.
810.3302040100,557.
810.5749797821,551.
810.8197555542,515.
811.0645313263,531.
811.3093070984,560.
811.5540828705,617.
811.7988586426,592.
812.0436344147,612.
812.2884101868,580.
812.5331859589,539.
812.777961731,528.
813.0227375031,546.
813.2675132751,536.
813.5122890472,550.
813.7570648193,551.
814.0018405914,576.
814.2466163635,559.
814.4913921356,553.
814.7361679077,555.
814.9809436798,534.
815.2257194519,542.
815.470495224,601.
815.7152709961,589.
815.9600467682,584.
816.2048225403,539.
816.4495983124,554.
816.6943740845,536.
816.9391498566,591.
817.1839256287,566.
817.4287014008,515.
817.6734771729,542.
817.9182529449,558.
818.1630287170,527.
818.4078044891,513.
818.6525802612,507.
818.8973560333,548.
819.1421318054,567.
819.3869075775,522.
819.6316833496,585.
819.8764591217,569.
820.1212348938,579.
820.3660106659,554.
820.610786438,567.
820.8555622101,598.
821.1003379822,546.
821.3451137543,539.
821.5898895264,568.
821.8346652985,586.
822.0794410706,553.
822.3242168427,564.
822.5689926147,521.
822.8137683868,574.
823.0585441589,544.
823.3033199310,550.
823.5480957031,591.
823.7928714752,569.
824.0376472473,578.
824.2824230194,541.
824.5271987915,607.
824.7719745636,566.
825.0167503357,560.
825.2615261078,568.
825.5063018799,561.
825.751077652,554.
825.9958534241,531.
826.2406291962,499.
826.4854049683,521.
826.7301807404,571.
826.9749565125,584.
827.2197322845,605.
827.4645080566,579.
827.7092838287,588.
827.9540596008,586.
828.1988353729,564.
828.4436111450,573.
828.6883869171,517.
828.9331626892,546.
829.1779384613,617.
829.4227142334,558.
829.6674900055,556.
829.9122657776,560.
830.1570415497,539.
830.4018173218,531.
830.6465930939,549.
830.891368866,606.
831.1361446381,557.
831.3809204102,578.
831.6256961823,564.
831.8704719543,577.
832.1152477264,559.
832.3600234985,608.
832.6047992706,631.
832.8495750427,583.
833.0943508148,543.
833.3391265869,544.
833.5839023590,567.
833.8286781311,554.
834.0734539032,540.
834.3182296753,554.
834.5630054474,566.
834.8077812195,558.
835.0525569916,562.
835.2973327637,529.
835.5421085358,554.
835.7868843079,591.
836.03166008,590.
836.2764358521,555.
836.5212116241,569.
836.7659873962,536.
837.0107631683,591.
837.2555389404,600.
837.5003147125,572.
837.7450904846,548.
837.9898662567,568.
838.2346420288,557.
838.4794178009,565.
838.724193573,545.
838.9689693451,558.
839.2137451172,598.
839.4585208893,560.
839.7032966614,515.
839.9480724335,533.
840.1928482056,526.
840.4376239777,546.
840.6823997498,550.
840.9271755219,608.
841.1719512939,547.
841.4167270660,551.
841.6615028381,566.
841.9062786102,590.
842.1510543823,545.
842.3958301544,584.
842.6406059265,576.
842.8853816986,564.
843.1301574707,568.
843.3749332428,560.
843.6197090149,635.
843.864484787,598.
844.1092605591,552.
844.3540363312,537.
844.5988121033,535.
844.8435878754,531.
845.0883636475,548.
845.3331394196,528.
845.5779151917,569.
845.8226909637,508.
846.0674667358,514.
846.3122425079,538.
846.5570182800,533.
846.8017940521,502.
847.0465698242,554.
847.2913455963,568.
847.5361213684,520.
847.7808971405,533.
848.0256729126,519.
848.2704486847,541.
848.5152244568,540.
848.7600002289,547.
849.004776001,562.
849.2495517731,554.
849.4943275452,529.
849.7391033173,545.
849.9838790894,545.
850.2286548615,543.
850.4734306335,502.
850.7182064056,534.
850.9629821777,517.
851.2077579498,545.
851.4525337219,523.
851.6973094940,536.
851.9420852661,564.
852.1868610382,529.
852.4316368103,533.
852.6764125824,566.
852.9211883545,553.
853.1659641266,576.
853.4107398987,644.
853.6555156708,641.
853.9002914429,612.
854.145067215,582.
854.3898429871,608.
854.6346187592,559.
854.8793945312,515.
855.1241703033,528.
855.3689460754,592.
855.6137218475,574.
855.8584976196,563.
856.1032733917,547.
856.3480491638,543.
856.5928249359,505.
856.8376007080,535.
857.0823764801,520.
857.3271522522,551.
857.5719280243,576.
857.8167037964,566.
858.0614795685,553.
858.3062553406,600.
858.5510311127,589.
858.7958068848,539.
859.0405826569,610.
859.285358429,659.
859.5301342010,576.
859.7749099731,537.
860.0196857452,554.
860.2644615173,561.
860.5092372894,565.
860.7540130615,552.
860.9987888336,623.
861.2435646057,561.
861.4883403778,536.
861.7331161499,553.
861.977891922,522.
862.2226676941,534.
862.4674434662,524.
862.7122192383,561.
862.9569950104,552.
863.2017707825,564.
863.4465465546,538.
863.6913223267,540.
863.9360980988,549.
864.1808738708,582.
864.4256496429,555.
864.6704254150,591.
864.9152011871,579.
865.1599769592,532.
865.4047527313,563.
865.6495285034,572.
865.8943042755,589.
866.1390800476,533.
866.3838558197,550.
866.6286315918,568.
866.8734073639,572.
867.118183136,620.
867.3629589081,559.
867.6077346802,553.
867.8525104523,575.
868.0972862244,545.
868.3420619965,538.
868.5868377686,524.
868.8316135406,586.
869.0763893127,585.
869.3211650848,531.
869.5659408569,560.
869.8107166290,608.
870.0554924011,555.
870.3002681732,511.
870.5450439453,546.
870.7898197174,571.
871.0345954895,564.
871.2793712616,540.
871.5241470337,562.
871.7689228058,622.
872.0136985779,577.
872.25847435,580.
872.5032501221,593.
872.7480258942,565.
872.9928016663,559.
873.2375774384,496.
873.4823532104,512.
873.7271289825,566.
873.9719047546,594.
874.2166805267,563.
874.4614562988,540.
874.7062320709,498.
874.9510078430,571.
875.1957836151,540.
875.4405593872,497.
875.6853351593,570.
875.9301109314,578.
876.1748867035,577.
876.4196624756,562.
876.6644382477,568.
876.9092140198,544.
877.1539897919,557.
877.398765564,567.
877.6435413361,530.
877.8883171082,559.
878.1330928802,625.
878.3778686523,625.
878.6226444244,601.
878.8674201965,545.
879.1121959686,549.
879.3569717407,514.
879.6017475128,518.
879.8465232849,547.
880.0912990570,598.
880.3360748291,561.
880.5808506012,513.
880.8256263733,502.
881.0704021454,493.
881.3151779175,560.
881.5599536896,571.
881.8047294617,517.
882.0495052338,574.
882.2942810059,537.
882.539056778,510.
882.7838325500,552.
883.0286083221,558.
883.2733840942,534.
883.5181598663,538.
883.7629356384,618.
884.0077114105,588.
884.2524871826,517.
884.4972629547,523.
884.7420387268,551.
884.9868144989,527.
885.231590271,558.
885.4763660431,605.
885.7211418152,589.
885.9659175873,534.
886.2106933594,527.
886.4554691315,498.
886.7002449036,531.
886.9450206757,576.
887.1897964478,551.
887.4345722198,505.
887.6793479919,527.
887.9241237640,566.
888.1688995361,594.
888.4136753082,498.
888.6584510803,503.
888.9032268524,527.
889.1480026245,562.
889.3927783966,585.
889.6375541687,605.
889.8823299408,565.
890.1271057129,591.
890.371881485,616.
890.6166572571,609.
890.8614330292,618.
891.1062088013,584.
891.3509845734,582.
891.5957603455,546.
891.8405361176,521.
892.0853118896,488.
892.3300876617,487.
892.5748634338,528.
892.8196392059,569.
893.0644149780,553.
893.3091907501,545.
893.5539665222,525.
893.7987422943,568.
894.0435180664,540.
894.2882938385,574.
894.5330696106,563.
894.7778453827,590.
895.0226211548,588.
895.2673969269,533.
895.512172699,525.
895.7569484711,553.
896.0017242432,530.
896.2465000153,475.
896.4912757874,521.
896.7360515594,538.
896.9808273315,552.
897.2256031036,553.
897.4703788757,537.
897.7151546478,547.
897.9599304199,561.
898.2047061920,585.
898.4494819641,544.
898.6942577362,579.
898.9390335083,555.
899.1838092804,530.
899.4285850525,578.
899.6733608246,555.
899.9181365967,523.
900.1629123688,528.
900.4076881409,501.
900.652463913,508.
900.8972396851,573.
901.1420154572,567.
901.3867912292,550.
901.6315670013,578.
901.8763427734,555.
902.1211185455,587.
902.3658943176,564.
902.6106700897,527.
902.8554458618,565.
903.1002216339,551.
903.3449974060,526.
903.5897731781,563.
903.8345489502,510.
904.0793247223,535.
904.3241004944,519.
904.5688762665,532.
904.8136520386,575.
905.0584278107,505.
905.3032035828,539.
905.5479793549,561.
905.792755127,553.
906.0375308990,540.
906.2823066711,559.
906.5270824432,592.
906.7718582153,529.
907.0166339874,479.
907.2614097595,573.
907.5061855316,574.
907.7509613037,526.
907.9957370758,525.
908.2405128479,539.
908.48528862,543.
908.7300643921,549.
908.9748401642,593.
909.2196159363,590.
909.4643917084,576.
909.7091674805,589.
909.9539432526,603.
910.1987190247,529.
910.4434947968,531.
910.6882705688,552.
910.9330463409,568.
911.1778221130,597.
911.4225978851,537.
911.6673736572,552.
911.9121494293,588.
912.1569252014,557.
912.4017009735,525.
912.6464767456,531.
912.8912525177,581.
913.1360282898,553.
913.3808040619,557.
913.625579834,555.
913.8703556061,489.
914.1151313782,559.
914.3599071503,566.
914.6046829224,486.
914.8494586945,522.
915.0942344666,568.
915.3390102386,527.
915.5837860107,541.
915.8285617828,553.
916.0733375549,561.
916.3181133270,573.
916.5628890991,583.
916.8076648712,592.
917.0524406433,540.
917.2972164154,553.
917.5419921875,508.
917.7867679596,526.
918.0315437317,575.
918.2763195038,635.
918.5210952759,597.
918.765871048,569.
919.0106468201,540.
919.2554225922,588.
919.5001983643,559.
919.7449741364,520.
919.9897499084,523.
920.2345256805,559.
920.4793014526,583.
920.7240772247,593.
920.9688529968,547.
921.2136287689,544.
921.4584045410,566.
921.7031803131,615.
921.9479560852,563.
922.1927318573,513.
922.4375076294,524.
922.6822834015,513.
922.9270591736,547.
923.1718349457,563.
923.4166107178,582.
923.6613864899,560.
923.906162262,542.
924.1509380341,524.
924.3957138062,535.
924.6404895782,562.
924.8852653503,612.
925.1300411224,557.
925.3748168945,544.
925.6195926666,512.
925.8643684387,494.
926.1091442108,537.
926.3539199829,554.
926.5986957550,536.
926.8434715271,553.
927.0882472992,537.
927.3330230713,531.
927.5777988434,526.
927.8225746155,457.
928.0673503876,535.
928.3121261597,542.
928.5569019318,504.
928.8016777039,572.
929.046453476,613.
929.2912292480,580.
929.5360050201,534.
929.7807807922,546.
930.0255565643,579.
930.2703323364,536.
930.5151081085,493.
930.7598838806,528.
931.0046596527,621.
931.2494354248,595.
931.4942111969,576.
931.738986969,526.
931.9837627411,548.
932.2285385132,624.
932.4733142853,619.
932.7180900574,551.
932.9628658295,546.
933.2076416016,549.
933.4524173737,531.
933.6971931458,552.
933.9419689178,575.
934.1867446899,519.
934.4315204620,564.
934.6762962341,520.
934.9210720062,583.
935.1658477783,527.
935.4106235504,527.
935.6553993225,553.
935.9001750946,561.
936.1449508667,580.
936.3897266388,583.
936.6345024109,569.
936.879278183,585.
937.1240539551,627.
937.3688297272,592.
937.6136054993,596.
937.8583812714,607.
938.1031570435,533.
938.3479328156,543.
938.5927085876,570.
938.8374843597,572.
939.0822601318,615.
939.3270359039,534.
939.5718116760,547.
939.8165874481,560.
940.0613632202,561.
940.3061389923,565.
940.5509147644,576.
940.7956905365,554.
941.0404663086,562.
941.2852420807,514.
941.5300178528,508.
941.7747936249,567.
942.019569397,610.
942.2643451691,577.
942.5091209412,577.
942.7538967133,544.
942.9986724854,540.
943.2434482574,592.
943.4882240295,567.
943.7329998016,554.
943.9777755737,542.
944.2225513458,533.
944.4673271179,532.
944.7121028900,556.
944.9568786621,580.
945.2016544342,547.
945.4464302063,548.
945.6912059784,573.
945.9359817505,592.
946.1807575226,547.
946.4255332947,545.
946.6703090668,559.
946.9150848389,568.
947.159860611,547.
947.4046363831,564.
947.6494121552,533.
947.8941879272,568.
948.1389636993,561.
948.3837394714,561.
948.6285152435,576.
948.8732910156,562.
949.1180667877,543.
949.3628425598,578.
949.6076183319,571.
949.8523941040,549.
950.0971698761,561.
950.3419456482,575.
950.5867214203,574.
950.8314971924,564.
951.0762729645,528.
951.3210487366,553.
951.5658245087,506.
951.8106002808,522.
952.0553760529,552.
952.300151825,576.
952.5449275970,615.
952.7897033691,507.
953.0344791412,507.
953.2792549133,560.
953.5240306854,562.
953.7688064575,540.
954.0135822296,582.
954.2583580017,572.
954.5031337738,547.
954.7479095459,550.
954.992685318,569.
955.2374610901,549.
955.4822368622,536.
955.7270126343,513.
955.9717884064,533.
956.2165641785,569.
956.4613399506,539.
956.7061157227,573.
956.9508914948,548.
957.1956672668,534.
957.4404430389,582.
957.6852188110,596.
957.9299945831,567.
958.1747703552,609.
958.4195461273,615.
958.6643218994,584.
958.9090976715,590.
959.1538734436,565.
959.3986492157,567.
959.6434249878,569.
959.8882007599,543.
960.132976532,510.
960.3777523041,579.
960.6225280762,572.
960.8673038483,566.
961.1120796204,534.
961.3568553925,593.
961.6016311646,579.
961.8464069366,580.
962.0911827087,569.
962.3359584808,578.
962.5807342529,552.
962.8255100250,531.
963.0702857971,573.
963.3150615692,554.
963.5598373413,584.
963.8046131134,590.
964.0493888855,537.
964.2941646576,600.
964.5389404297,578.
964.7837162018,566.
965.0284919739,567.
965.273267746,553.
965.5180435181,605.
965.7628192902,541.
966.0075950623,551.
966.2523708344,585.
966.4971466064,574.
966.7419223785,533.
966.9866981506,547.
967.2314739227,527.
967.4762496948,543.
967.7210254669,543.
967.9658012390,510.
968.2105770111,558.
968.4553527832,571.
968.7001285553,555.
968.9449043274,570.
969.1896800995,547.
969.4344558716,547.
969.6792316437,531.
969.9240074158,604.
970.1687831879,566.
970.41355896,534.
970.6583347321,533.
970.9031105042,592.
971.1478862762,597.
971.3926620483,564.
971.6374378204,576.
971.8822135925,606.
972.1269893646,591.
972.3717651367,543.
972.6165409088,560.
972.8613166809,577.
973.1060924530,564.
973.3508682251,567.
973.5956439972,565.
973.8404197693,600.
974.0851955414,587.
974.3299713135,541.
974.5747470856,529.
974.8195228577,543.
975.0642986298,537.
975.3090744019,553.
975.553850174,610.
975.7986259460,583.
976.0434017181,627.
976.2881774902,589.
976.5329532623,566.
976.7777290344,568.
977.0225048065,598.
977.2672805786,553.
977.5120563507,582.
977.7568321228,569.
978.0016078949,547.
978.246383667,596.
978.4911594391,574.
978.7359352112,556.
978.9807109833,564.
979.2254867554,521.
979.4702625275,529.
979.7150382996,589.
979.9598140717,599.
980.2045898438,581.
980.4493656158,550.
980.6941413879,617.
980.9389171600,577.
981.1836929321,565.
981.4284687042,560.
981.6732444763,543.
981.9180202484,515.
982.1627960205,549.
982.4075717926,577.
982.6523475647,570.
982.8971233368,556.
983.1418991089,525.
983.386674881,575.
983.6314506531,577.
983.8762264252,589.
984.1210021973,574.
984.3657779694,565.
984.6105537415,605.
984.8553295135,576.
985.1001052856,579.
985.3448810577,611.
985.5896568298,579.
985.8344326019,529.
986.0792083740,526.
986.3239841461,554.
986.5687599182,586.
986.8135356903,577.
987.0583114624,525.
987.3030872345,554.
987.5478630066,599.
987.7926387787,599.
988.0374145508,552.
988.2821903229,541.
988.526966095,528.
988.7717418671,508.
989.0165176392,548.
989.2612934113,567.
989.5060691833,597.
989.7508449554,591.
989.9956207275,566.
990.2403964996,553.
990.4851722717,569.
990.7299480438,615.
990.9747238159,584.
991.2194995880,560.
991.4642753601,538.
991.7090511322,526.
991.9538269043,547.
992.1986026764,569.
992.4433784485,622.
992.6881542206,594.
992.9329299927,602.
993.1777057648,601.
993.4224815369,568.
993.667257309,602.
993.9120330811,566.
994.1568088531,531.
994.4015846252,576.
994.6463603973,561.
994.8911361694,539.
995.1359119415,577.
995.3806877136,547.
995.6254634857,549.
995.8702392578,557.
996.1150150299,546.
996.3597908020,555.
996.6045665741,566.
996.8493423462,544.
997.0941181183,577.
997.3388938904,544.
997.5836696625,560.
997.8284454346,581.
998.0732212067,594.
998.3179969788,593.
998.5627727509,542.
998.8075485229,545.
999.0523242950,608.
999.2971000671,588.
999.5418758392,564.
999.7866516113,564.
1000.0314273834,552.
1000.2762031555,555.
1000.5209789276,560.
1000.7657546997,545.
1001.0105304718,584.
1001.2553062439,557.
1001.500082016,540.
1001.7448577881,537.
1001.9896335602,524.
1002.2344093323,470.
1002.4791851044,505.
1002.7239608765,573.
1002.9687366486,600.
1003.2135124207,571.
1003.4582881927,573.
1003.7030639648,569.
1003.9478397369,591.
1004.1926155090,574.
1004.4373912811,537.
1004.6821670532,501.
1004.9269428253,509.
1005.1717185974,577.
1005.4164943695,578.
1005.6612701416,548.
1005.9060459137,552.
1006.1508216858,568.
1006.3955974579,586.
1006.64037323,595.
1006.8851490021,536.
1007.1299247742,574.
1007.3747005463,594.
1007.6194763184,605.
1007.8642520905,580.
1008.1090278625,560.
1008.3538036346,531.
1008.5985794067,515.
1008.8433551788,550.
1009.0881309509,611.
1009.3329067230,555.
1009.5776824951,548.
1009.8224582672,539.
1010.0672340393,535.
1010.3120098114,569.
1010.5567855835,570.
1010.8015613556,552.
1011.0463371277,589.
1011.2911128998,532.
1011.5358886719,547.
1011.780664444,544.
1012.0254402161,582.
1012.2702159882,560.
1012.5149917603,528.
1012.7597675323,521.
1013.0045433044,509.
1013.2493190765,496.
1013.4940948486,571.
1013.7388706207,609.
1013.9836463928,572.
1014.2284221649,522.
1014.4731979370,530.
1014.7179737091,545.
1014.9627494812,584.
1015.2075252533,574.
1015.4523010254,570.
1015.6970767975,565.
1015.9418525696,554.
1016.1866283417,576.
1016.4314041138,558.
1016.6761798859,541.
1016.920955658,534.
1017.1657314301,575.
1017.4105072021,569.
1017.6552829742,600.
1017.9000587463,584.
1018.1448345184,572.
1018.3896102905,566.
1018.6343860626,568.
1018.8791618347,547.
1019.1239376068,557.
1019.3687133789,601.
1019.6134891510,602.
1019.8582649231,545.
1020.1030406952,595.
1020.3478164673,559.
1020.5925922394,565.
1020.8373680115,562.
1021.0821437836,542.
1021.3269195557,523.
1021.5716953278,544.
1021.8164710999,501.
1022.0612468719,527.
1022.3060226440,551.
1022.5507984161,609.
1022.7955741882,572.
1023.0403499603,572.
1023.2851257324,595.
1023.5299015045,585.
1023.7746772766,575.
1024.0194530487,559.
1024.2642288208,530.
1024.5090045929,546.
1024.753780365,582.
1024.9985561371,573.
1025.2433319092,587.
1025.4881076813,571.
1025.7328834534,558.
1025.9776592255,587.
1026.2224349976,597.
1026.4672107697,605.
1026.7119865417,557.
1026.9567623138,551.
1027.2015380859,632.
1027.4463138580,628.
1027.6910896301,571.
1027.9358654022,545.
1028.1806411743,557.
1028.4254169464,602.
1028.6701927185,595.
1028.9149684906,560.
1029.1597442627,576.
1029.4045200348,578.
1029.6492958069,527.
1029.894071579,531.
1030.1388473511,546.
1030.3836231232,544.
1030.6283988953,532.
1030.8731746674,506.
1031.1179504395,525.
1031.3627262115,582.
1031.6075019836,610.
1031.8522777557,528.
1032.0970535278,507.
1032.3418292999,536.
1032.5866050720,541.
1032.8313808441,598.
1033.0761566162,605.
1033.3209323883,555.
1033.5657081604,552.
1033.8104839325,598.
1034.0552597046,579.
1034.3000354767,553.
1034.5448112488,572.
1034.7895870209,617.
1035.034362793,595.
1035.2791385651,517.
1035.5239143372,527.
1035.7686901093,603.
1036.0134658813,608.
1036.2582416534,587.
1036.5030174255,558.
1036.7477931976,594.
1036.9925689697,605.
1037.2373447418,572.
1037.4821205139,571.
1037.7268962860,570.
1037.9716720581,619.
1038.2164478302,643.
1038.4612236023,637.
1038.7059993744,547.
1038.9507751465,554.
1039.1955509186,584.
1039.4403266907,544.
1039.6851024628,550.
1039.9298782349,585.
1040.174654007,580.
1040.4194297791,567.
1040.6642055511,536.
1040.9089813232,604.
1041.1537570953,547.
1041.3985328674,561.
1041.6433086395,577.
1041.8880844116,602.
1042.1328601837,603.
1042.3776359558,598.
1042.6224117279,631.
1042.8671875,631.
1043.1119632721,592.
1043.3567390442,568.
1043.6015148163,549.
1043.8462905884,551.
1044.0910663605,579.
1044.3358421326,600.
1044.5806179047,543.
1044.8253936768,568.
1045.0701694489,590.
1045.3149452209,593.
1045.5597209930,568.
1045.8044967651,592.
1046.0492725372,540.
1046.2940483093,557.
1046.5388240814,569.
1046.7835998535,521.
1047.0283756256,565.
1047.2731513977,552.
1047.5179271698,575.
1047.7627029419,608.
1048.007478714,612.
1048.2522544861,583.
1048.4970302582,601.
1048.7418060303,583.
1048.9865818024,529.
1049.2313575745,518.
1049.4761333466,540.
1049.7209091187,555.
1049.9656848907,593.
1050.2104606628,579.
1050.4552364349,513.
